Rang;Jeu;Jeu_court;Licence;Date_sortie;Ventes_M;Metascore;Est_Zelda;Date_reference;Annees_commercialisation;Ventes_M_par_an;Lien_source_ventes;Lien_source_note
1;Mario Kart 8 Deluxe;Mario Kart 8 Deluxe;Mario Kart;2017-04-28;71,53;92;False;2026-06-30;9,172;7,7987;https://www.nintendo.co.jp/ir/en/finance/software/switch.html;https://www.metacritic.com/game/mario-kart-8-deluxe/
2;Animal Crossing: New Horizons;Animal Crossing;Animal Crossing;2020-03-20;50,29;90;False;2026-06-30;6,278;8,0105;https://www.nintendo.co.jp/ir/en/finance/software/switch.html;https://www.metacritic.com/game/animal-crossing-new-horizons/
3;Super Smash Bros. Ultimate;Smash Bros. Ultimate;Smash Bros.;2018-12-07;38,14;93;False;2026-06-30;7,5621;5,0436;https://www.nintendo.co.jp/ir/en/finance/software/switch.html;https://www.metacritic.com/game/super-smash-bros-ultimate/
4;The Legend of Zelda: Breath of the Wild;Zelda: Breath of the Wild;Zelda;2017-03-03;34,06;97;True;2026-06-30;9,3253;3,6524;https://www.nintendo.co.jp/ir/en/finance/software/switch.html;https://www.metacritic.com/game/the-legend-of-zelda-breath-of-the-wild/
5;Super Mario Odyssey;Super Mario Odyssey;Mario;2017-10-27;30,8;97;False;2026-06-30;8,6737;3,551;https://www.nintendo.co.jp/ir/en/finance/software/switch.html;https://www.metacritic.com/game/super-mario-odyssey/
6;Pokémon Scarlet / Violet;Pokémon Écarlate/Violet;Pokémon;2022-11-18;28,46;;False;2026-06-30;3,614;7,8748;https://www.nintendo.co.jp/ir/en/finance/software/switch.html;
7;Pokémon Sword / Shield;Pokémon Épée/Bouclier;Pokémon;2019-11-15;27,26;;False;2026-06-30;6,623;4,116;https://www.nintendo.co.jp/ir/en/finance/software/switch.html;
8;The Legend of Zelda: Tears of the Kingdom;Zelda: Tears of the Kingdom;Zelda;2023-05-12;22,71;96;True;2026-06-30;3,1349;7,2442;https://www.nintendo.co.jp/ir/en/finance/software/switch.html;https://www.metacritic.com/game/the-legend-of-zelda-tears-of-the-kingdom/
9;Super Mario Party;Super Mario Party;Mario Party;2018-10-05;21,36;;False;2026-06-30;7,7346;2,7616;https://www.nintendo.co.jp/ir/en/finance/software/switch.html;
10;New Super Mario Bros. U Deluxe;New Super Mario Bros. U;Mario;2019-01-11;19,1;;False;2026-06-30;7,4663;2,5582;https://www.nintendo.co.jp/ir/en/finance/software/switch.html;
